,Item #,Part #,List Price,Frame Rating,Amp Rating,Breaking Capacity,Performance %,Trip Unit,240V kAIC,480V kAIC,Labor Units
ACB,29270771UL,UAH-16E3-16V M1D1D1HX AO1U0A1B UL,"$35,759.10 ",1600,1600,X,0,AO1,100,100,2
,29270700UL,UAH-20E3-20V M1D1D1HX AO1U0A1B UL,"$42,922.35 ",2000,2000,X,0,AO1,100,100,2
,29270770UL,UAH-25E3-25V M1D1D1HX AO1U0A1B UL,"$54,010.15 ",2500,2500,X,0,AO1,100,100,2
,29270699UL,UAH-32E3-30V M1D1D1HX AO1U0A1B UL,"$66,926.87 ",3200,3000,X,0,AO1,100,100,3
,29270750UL,UAH-32E3-32V M1D1D1HX AO1U0A1B UL,"$66,926.87 ",3200,3200,X,0,AO1,100,100,3
,29280269UL,UAH-40G3-40V M1D1D1HX AO1UOA1B UL,"$108,115.56 ",4000,4000,X,0,AO1,100,100,4
UTS150,02070033UL,UTS150N FTU 40A 3P LO UL,"$1,762.26 ",150,40A,N,80,FTU,65,35,1
,02070034UL,UTS150N FTU 50A 3P LO UL,"$1,762.26 ",150,50A,N,80,FTU,65,35,1
,02070035UL,UTS150N FTU 60A 3P LO UL,"$1,762.26 ",150,60A,N,80,FTU,65,35,1
,02070036UL,UTS150N FTU 70A 3P LO UL,"$1,762.26 ",150,70A,N,80,FTU,65,35,1
,02070037UL,UTS150N FTU 80A 3P LO UL,"$1,762.26 ",150,80A,N,80,FTU,65,35,1
,02070038UL,UTS150N FTU 90A 3P LO UL,"$1,762.26 ",150,90A,N,80,FTU,65,35,1
,02070039UL,UTS150N FTU 100A 3P LO UL,"$1,762.26 ",150,100A,N,80,FTU,65,35,1
,02070040UL,UTS150N FTU 125A 3P LO UL,"$1,762.26 ",150,125A,N,80,FTU,65,35,1
,02070041UL,UTS150N FTU 150A 3P LO UL,"$1,762.26 ",150,150A,N,80,FTU,65,35,1
,02070097UL,UTS150H FTU 40A 3P LO UL,"$1,958.52 ",150,40A,H,80,FTU,100,65,1
,02070098UL,UTS150H FTU 50A 3P LO UL,"$1,958.52 ",150,50A,H,80,FTU,100,65,1
,02070099UL,UTS150H FTU 60A 3P LO UL,"$1,958.52 ",150,60A,H,80,FTU,100,65,1
,02070100UL,UTS150H FTU 70A 3P LO UL,"$1,958.52 ",150,70A,H,80,FTU,100,65,1
,02070101UL,UTS150H FTU 80A 3P LO UL,"$1,958.52 ",150,80A,H,80,FTU,100,65,1
,02070102UL,UTS150H FTU 90A 3P LO UL,"$1,958.52 ",150,90A,H,80,FTU,100,65,1
,02070103UL,UTS150H FTU 100A 3P LO UL,"$1,958.52 ",150,100A,H,80,FTU,100,65,1
,02070104UL,UTS150H FTU 125A 3P LO UL,"$1,958.52 ",150,125A,H,80,FTU,100,65,1
,02070105UL,UTS150H FTU 150A 3P LO UL,"$1,958.52 ",150,150A,H,80,FTU,100,65,1
,02070161UL,UTS150L FTU 40A 3P LO UL,"$2,288.80 ",150,40A,L,80,FTU,100,100,1
,02070162UL,UTS150L FTU 50A 3P LO UL,"$2,288.80 ",150,50A,L,80,FTU,100,100,1
,02070163UL,UTS150L FTU 60A 3P LO UL,"$2,288.80 ",150,60A,L,80,FTU,100,100,1
,02070164UL,UTS150L FTU 70A 3P LO UL,"$2,288.80 ",150,70A,L,80,FTU,100,100,1
,02070165UL,UTS150L FTU 80A 3P LO UL,"$2,288.80 ",150,80A,L,80,FTU,100,100,1
,02070166UL,UTS150L FTU 90A 3P LO UL,"$2,288.80 ",150,90A,L,80,FTU,100,100,1
,02070167UL,UTS150L FTU 100A 3P LO UL,"$2,288.80 ",150,100A,L,80,FTU,100,100,1
,02070168UL,UTS150L FTU 125A 3P LO UL,"$2,288.80 ",150,125A,L,80,FTU,100,100,1
,02070169UL,UTS150L FTU 150A 3P LO UL,"$2,288.80 ",150,150A,L,80,FTU,100,100,1
,02070258UL,UTS150NT FTU 40A 3P LO UL,"$1,938.36 ",150,40A,NT,100,FTU,65,35,1
,02070259UL,UTS150NT FTU 50A 3P LO UL,"$1,938.36 ",150,50A,NT,100,FTU,65,35,1
,02070260UL,UTS150NT FTU 60A 3P LO UL,"$1,938.36 ",150,60A,NT,100,FTU,65,35,1
,02070261UL,UTS150NT FTU 70A 3P LO UL,"$1,938.36 ",150,70A,NT,100,FTU,65,35,1
,02070262UL,UTS150NT FTU 80A 3P LO UL,"$1,938.36 ",150,80A,NT,100,FTU,65,35,1
,02070263UL,UTS150NT FTU 90A 3P LO UL,"$1,938.36 ",150,90A,NT,100,FTU,65,35,1
,02070264UL,UTS150NT FTU 100A 3P LO UL,"$1,938.36 ",150,100A,NT,100,FTU,65,35,1
,02070265UL,UTS150NT FTU 125A 3P LO UL,"$1,938.36 ",150,125A,NT,100,FTU,65,35,1
,02070266UL,UTS150NT FTU 150A 3P LO UL,"$1,938.36 ",150,150A,NT,100,FTU,65,35,1
,02070322UL,UTS150HT FTU 40A 3P LO UL,"$2,154.51 ",150,40A,HT,100,FTU,100,65,1
,02070323UL,UTS150HT FTU 50A 3P LO UL,"$2,154.51 ",150,50A,HT,100,FTU,100,65,1
,02070324UL,UTS150HT FTU 60A 3P LO UL,"$2,154.51 ",150,60A,HT,100,FTU,100,65,1
,02070325UL,UTS150HT FTU 70A 3P LO UL,"$2,154.51 ",150,70A,HT,100,FTU,100,65,1
,02070326UL,UTS150HT FTU 80A 3P LO UL,"$2,154.51 ",150,80A,HT,100,FTU,100,65,1
,02070327UL,UTS150HT FTU 90A 3P LO UL,"$2,154.51 ",150,90A,HT,100,FTU,100,65,1
,02070328UL,UTS150HT FTU 100A 3P LO UL,"$2,154.51 ",150,100A,HT,100,FTU,100,65,1
,02070329UL,UTS150HT FTU 125A 3P LO UL,"$2,154.51 ",150,125A,HT,100,FTU,100,65,1
,02070330UL,UTS150HT FTU 150A 3P LO UL,"$2,154.51 ",150,150A,HT,100,FTU,100,65,1
,02070386UL,UTS150LT FTU 40A 3P LO UL,"$2,517.58 ",150,40A,LT,100,FTU,100,100,1
,02070387UL,UTS150LT FTU 50A 3P LO UL,"$2,517.58 ",150,50A,LT,100,FTU,100,100,1
,02070388UL,UTS150LT FTU 60A 3P LO UL,"$2,517.58 ",150,60A,LT,100,FTU,100,100,1
,02070389UL,UTS150LT FTU 70A 3P LO UL,"$2,517.58 ",150,70A,LT,100,FTU,100,100,1
,02070390UL,UTS150LT FTU 80A 3P LO UL,"$2,517.58 ",150,80A,LT,100,FTU,100,100,1
,02070391UL,UTS150LT FTU 90A 3P LO UL,"$2,517.58 ",150,90A,LT,100,FTU,100,100,1
,02070392UL,UTS150LT FTU 100A 3P LO UL,"$2,517.58 ",150,100A,LT,100,FTU,100,100,1
,02070393UL,UTS150LT FTU 125A 3P LO UL,"$2,517.58 ",150,125A,LT,100,FTU,100,100,1
,02070394UL,UTS150LT FTU 150A 3P LO UL,"$2,517.58 ",150,150A,LT,100,FTU,100,100,1
,02070779UL,UTS150N ETS23 LSI 150A 3P LO UL,"$2,618.49 ",150,150A,N,80,ETS23,65,35,1
,02070780UL,UTS150N ETS23 LSI 100A 3P LO UL,"$2,618.49 ",150,100A,N,80,ETS23,65,35,1
,02070781UL,UTS150N ETS23 LSI 60A 3P LO UL,"$2,618.49 ",150,60A,N,80,ETS23,65,35,1
,02070791UL,UTS150H ETS23 LSI 150A 3P LO UL,"$2,733.29 ",150,150A,H,80,ETS23,100,65,1
,02070792UL,UTS150H ETS23 LSI 100A 3P LO UL,"$2,733.29 ",150,100A,H,80,ETS23,100,65,1
,02070793UL,UTS150H ETS23 LSI 60A 3P LO UL,"$2,733.29 ",150,60A,H,80,ETS23,100,65,1
,02070803UL,UTS150L ETS23 LSI 150A 3P LO UL,"$3,124.70 ",150,150A,L,80,ETS23,100,100,1
,02070804UL,UTS150L ETS23 LSI 100A 3P LO UL,"$3,124.70 ",150,100A,L,80,ETS23,100,100,1
,02070805UL,UTS150L ETS23 LSI 60A 3P LO UL,"$3,124.70 ",150,60A,L,80,ETS23,100,100,1
,02070815UL,UTS150NT ETS23 LSI 150A 3P LO UL,"$2,906.51 ",150,150A,NT,100,ETS23,65,35,1
,02070816UL,UTS150NT ETS23 LSI 100A 3P LO UL,"$2,906.51 ",150,100A,NT,100,ETS23,65,35,1
,02070817UL,UTS150NT ETS23 LSI 60A 3P LO UL,"$2,906.51 ",150,60A,NT,100,ETS23,65,35,1
,02070827UL,UTS150HT ETS23 LSI 150A 3P LO UL,"$3,033.98 ",150,150A,HT,100,ETS23,100,65,1
,02070828UL,UTS150HT ETS23 LSI 100A 3P LO UL,"$3,033.98 ",150,100A,HT,100,ETS23,100,65,1
,02070829UL,UTS150HT ETS23 LSI 60A 3P LO UL,"$3,033.98 ",150,60A,HT,100,ETS23,100,65,1
,02070839UL,UTS150LT ETS23 LSI 150A 3P LO UL,"$3,468.47 ",150,150A,LT,100,ETS23,100,100,1
,02070840UL,UTS150LT ETS23 LSI 100A 3P LO UL,"$3,468.47 ",150,100A,LT,100,ETS23,100,100,1
,02070841UL,UTS150LT ETS23 LSI 60A 3P LO UL,"$3,468.47 ",150,60A,LT,100,ETS23,100,100,1
,02070047UL,UTS150N ATU 100A 3P LO UL,"$1,916.85 ",150,100A,N,80,ATU,65,35,1
,02070048UL,UTS150N ATU 150A 3P LO UL,"$1,916.85 ",150,150A,N,80,ATU,65,35,1
,02070111UL,UTS150H ATU 100A 3P LO UL,"$2,295.70 ",150,100A,H,80,ATU,100,65,1
,02070112UL,UTS150H ATU 150A 3P LO UL,"$2,295.70 ",150,150A,H,80,ATU,100,65,1
,02070175UL,UTS150L ATU 100A 3P LO UL,"$2,716.36 ",150,100A,L,80,ATU,100,100,1
,02070176UL,UTS150L ATU 150A 3P LO UL,"$2,716.36 ",150,150A,L,80,ATU,100,100,1
,02070272UL,UTS150NT ATU 100A 3P LO UL,"$2,108.48 ",150,100A,NT,100,ATU,65,35,1
,02070273UL,UTS150NT ATU 150A 3P LO UL,"$2,108.48 ",150,150A,NT,100,ATU,65,35,1
,02070336UL,UTS150HT ATU 100A 3P LO UL,"$2,525.33 ",150,100A,HT,100,ATU,100,65,1
,02070337UL,UTS150HT ATU 150A 3P LO UL,"$2,525.33 ",150,150A,HT,100,ATU,100,65,1
,02070400UL,UTS150LT ATU 100A 3P LO UL,"$2,988.13 ",150,100A,LT,100,ATU,100,100,1
,02070401UL,UTS150LT ATU 150A 3P LO UL,"$2,988.13 ",150,150A,LT,100,ATU,100,100,1
,02070423UL,UTS150N ATU 125A 3P LO UL,"$1,916.85 ",150,125A,N,80,ATU,65,35,1
,02070431UL,UTS150H ATU 125A 3P LO UL,"$2,295.70 ",150,125A,H,80,ATU,100,65,1
,02070439UL,UTS150L ATU 125A 3P LO UL,"$2,716.36 ",150,125A,L,80,ATU,100,100,1
,02070447UL,UTS150NT ATU 125A 3P LO UL,"$2,108.48 ",150,125A,NT,100,ATU,65,35,1
,02070455UL,UTS150HT ATU 125A 3P LO UL,"$2,525.33 ",150,125A,HT,100,ATU,100,65,1
,02070463UL,UTS150LT ATU 125A 3P LO UL,"$2,988.13 ",150,125A,LT,100,ATU,100,100,1
UTS250,02090023UL,UTS250N FTU 150A 3P LO UL,"$2,326.40 ",250,150A,N,80,FTU,65,35,2
,02090024UL,UTS250N FTU 175A 3P LO UL,"$2,326.40 ",250,175A,N,80,FTU,65,35,2
,02090025UL,UTS250N FTU 200A 3P LO UL,"$2,326.40 ",250,200A,N,80,FTU,65,35,2
,02090026UL,UTS250N FTU 225A 3P LO UL,"$2,326.40 ",250,225A,N,80,FTU,65,35,2
,02090027UL,UTS250N FTU 250A 3P LO UL,"$2,326.40 ",250,250A,N,80,FTU,65,35,2
,02090031UL,UTS250N ATU 160A 3P LO UL,"$2,780.59 ",250,160A,N,80,ATU,65,35,2
,02090032UL,UTS250N ATU 200A 3P LO UL,"$2,780.59 ",250,200A,N,80,ATU,65,35,2
,02090033UL,UTS250N ATU 250A 3P LO UL,"$2,780.59 ",250,250A,N,80,ATU,65,35,2
,02090067UL,UTS250H FTU 150A 3P LO UL,"$2,613.41 ",250,150A,H,80,FTU,100,65,2
,02090068UL,UTS250H FTU 175A 3P LO UL,"$2,613.41 ",250,175A,H,80,FTU,100,65,2
,02090069UL,UTS250H FTU 200A 3P LO UL,"$2,613.41 ",250,200A,H,80,FTU,100,65,2
,02090070UL,UTS250H FTU 225A 3P LO UL,"$2,613.41 ",250,225A,H,80,FTU,100,65,2
,02090071UL,UTS250H FTU 250A 3P LO UL,"$2,613.41 ",250,250A,H,80,FTU,100,65,2
,02090075UL,UTS250H ATU 160A 3P LO UL,"$3,382.34 ",250,160A,H,80,ATU,100,65,2
,02090076UL,UTS250H ATU 200A 3P LO UL,"$3,382.34 ",250,200A,H,80,ATU,100,65,2
,02090077UL,UTS250H ATU 250A 3P LO UL,"$3,382.34 ",250,250A,H,80,ATU,100,65,2
,02090111UL,UTS250L FTU 150A 3P LO UL,"$3,219.38 ",250,150A,L,80,FTU,100,100,2
,02090112UL,UTS250L FTU 175A 3P LO UL,"$3,219.38 ",250,175A,L,80,FTU,100,100,2
,02090113UL,UTS250L FTU 200A 3P LO UL,"$3,219.38 ",250,200A,L,80,FTU,100,100,2
,02090114UL,UTS250L FTU 225A 3P LO UL,"$3,219.38 ",250,225A,L,80,FTU,100,100,2
,02090115UL,UTS250L FTU 250A 3P LO UL,"$3,219.38 ",250,250A,L,80,FTU,100,100,2
,02090119UL,UTS250L ATU 160A 3P LO UL,"$3,741.74 ",250,160A,L,80,ATU,100,100,2
,02090120UL,UTS250L ATU 200A 3P LO UL,"$3,741.74 ",250,200A,L,80,ATU,100,100,2
,02090121UL,UTS250L ATU 250A 3P LO UL,"$3,741.74 ",250,250A,L,80,ATU,100,100,2
,02090159UL,UTS250NT FTU 150A 3P LO UL,"$2,558.96 ",250,150A,NT,100,FTU,65,35,2
,02090160UL,UTS250NT FTU 175A 3P LO UL,"$2,558.96 ",250,175A,NT,100,FTU,65,35,2
,02090161UL,UTS250NT FTU 200A 3P LO UL,"$2,558.96 ",250,200A,NT,100,FTU,65,35,2
,02090162UL,UTS250NT FTU 225A 3P LO UL,"$2,558.96 ",250,225A,NT,100,FTU,65,35,2
,02090163UL,UTS250NT FTU 250A 3P LO UL,"$2,558.96 ",250,250A,NT,100,FTU,65,35,2
,02090167UL,UTS250NT ATU 160A 3P LO UL,"$3,058.51 ",250,160A,NT,100,ATU,65,35,2
,02090168UL,UTS250NT ATU 200A 3P LO UL,"$3,058.51 ",250,200A,NT,100,ATU,65,35,2
,02090169UL,UTS250NT ATU 250A 3P LO UL,"$3,058.51 ",250,250A,NT,100,ATU,65,35,2
,02090203UL,UTS250HT FTU 150A 3P LO UL,"$2,874.65 ",250,150A,HT,100,FTU,100,65,2
,02090204UL,UTS250HT FTU 175A 3P LO UL,"$2,874.65 ",250,175A,HT,100,FTU,100,65,2
,02090205UL,UTS250HT FTU 200A 3P LO UL,"$2,874.65 ",250,200A,HT,100,FTU,100,65,2
,02090206UL,UTS250HT FTU 225A 3P LO UL,"$2,874.65 ",250,225A,HT,100,FTU,100,65,2
,02090207UL,UTS250HT FTU 250A 3P LO UL,"$2,874.65 ",250,250A,HT,100,FTU,100,65,2
,02090211UL,UTS250HT ATU 160A 3P LO UL,"$3,720.47 ",250,160A,HT,100,ATU,100,65,2
,02090212UL,UTS250HT ATU 200A 3P LO UL,"$3,720.47 ",250,200A,HT,100,ATU,100,65,2
,02090213UL,UTS250HT ATU 250A 3P LO UL,"$3,720.47 ",250,250A,HT,100,ATU,100,65,2
,02090247UL,UTS250LT FTU 150A 3P LO UL,"$3,541.18 ",250,150A,LT,100,FTU,100,100,2
,02090248UL,UTS250LT FTU 175A 3P LO UL,"$3,541.18 ",250,175A,LT,100,FTU,100,100,2
,02090249UL,UTS250LT FTU 200A 3P LO UL,"$3,541.18 ",250,200A,LT,100,FTU,100,100,2
,02090250UL,UTS250LT FTU 225A 3P LO UL,"$3,541.18 ",250,225A,LT,100,FTU,100,100,2
,02090251UL,UTS250LT FTU 250A 3P LO UL,"$3,541.18 ",250,250A,LT,100,FTU,100,100,2
,02090255UL,UTS250LT ATU 160A 3P LO UL,"$4,115.89 ",250,160A,LT,100,ATU,100,100,2
,02090256UL,UTS250LT ATU 200A 3P LO UL,"$4,115.89 ",250,200A,LT,100,ATU,100,100,2
,02090257UL,UTS250LT ATU 250A 3P LO UL,"$4,115.89 ",250,250A,LT,100,ATU,100,100,2
,02090753UL,UTS250N ETS23 LSI 250A 3P LO UL,"$3,798.39 ",250,250A,N,80,ETS23,65,35,2
,02090754UL,UTS250N ETS23 LSI 150A 3P LO UL,"$3,798.39 ",250,150A,N,80,ETS23,65,35,2
,02090761UL,UTS250H ETS23 LSI 250A 3P LO UL,"$4,027.06 ",250,250A,H,80,ETS23,100,65,2
,02090762UL,UTS250H ETS23 LSI 150A 3P LO UL,"$4,027.06 ",250,150A,H,80,ETS23,100,65,2
,02090769UL,UTS250L ETS23 LSI 250A 3P LO UL,"$4,304.22 ",250,250A,L,80,ETS23,100,100,2
,02090770UL,UTS250L ETS23 LSI 150A 3P LO UL,"$4,304.22 ",250,150A,L,80,ETS23,100,100,2
,02090777UL,UTS250NT ETS23 LSI 250A 3P LO UL,"$4,216.16 ",250,250A,NT,100,ETS23,65,35,2
,02090778UL,UTS250NT ETS23 LSI 150A 3P LO UL,"$4,216.16 ",250,150A,NT,100,ETS23,65,35,2
,02090785UL,UTS250HT ETS23 LSI 250A 3P LO UL,"$4,470.02 ",250,250A,HT,100,ETS23,100,65,2
,02090786UL,UTS250HT ETS23 LSI 150A 3P LO UL,"$4,470.02 ",250,150A,HT,100,ETS23,100,65,2
,02090793UL,UTS250LT ETS23 LSI 250A 3P LO UL,"$4,777.67 ",250,250A,LT,100,ETS23,100,100,2
,02090794UL,UTS250LT ETS23 LSI 150A 3P LO UL,"$4,777.67 ",250,150A,LT,100,ETS23,100,100,2
UTS400,02110017UL,UTS400N FTU 250A 3P LO UL,"$4,365.82 ",400,250A,N,80,FTU,65,35,2
,02110018UL,UTS400N FTU 300A 3P LO UL,"$4,365.82 ",400,300A,N,80,FTU,65,35,2
,02110019UL,UTS400N FTU 350A 3P LO UL,"$4,365.82 ",400,350A,N,80,FTU,65,35,2
,02110020UL,UTS400N FTU 400A 3P LO UL,"$4,365.82 ",400,400A,N,80,FTU,65,35,2
,02110023UL,UTS400N ATU 300A 3P LO UL,"$5,165.35 ",400,300A,N,80,ATU,65,35,2
,02110024UL,UTS400N ATU 400A 3P LO UL,"$5,165.35 ",400,400A,N,80,ATU,65,35,2
,02110049UL,UTS400H FTU 250A 3P LO UL,"$4,889.62 ",400,250A,H,80,FTU,100,65,2
,02110050UL,UTS400H FTU 300A 3P LO UL,"$4,889.62 ",400,300A,H,80,FTU,100,65,2
,02110051UL,UTS400H FTU 350A 3P LO UL,"$4,889.62 ",400,350A,H,80,FTU,100,65,2
,02110052UL,UTS400H FTU 400A 3P LO UL,"$4,889.62 ",400,400A,H,80,FTU,100,65,2
,02110055UL,UTS400H ATU 300A 3P LO UL,"$6,215.69 ",400,300A,H,80,ATU,100,65,2
,02110056UL,UTS400H ATU 400A 3P LO UL,"$6,215.69 ",400,400A,H,80,ATU,100,65,2
,02110081UL,UTS400L FTU 250A 3P LO UL,"$6,012.40 ",400,250A,L,80,FTU,100,100,2
,02110082UL,UTS400L FTU 300A 3P LO UL,"$6,012.40 ",400,300A,L,80,FTU,100,100,2
,02110083UL,UTS400L FTU 350A 3P LO UL,"$6,012.40 ",400,350A,L,80,FTU,100,100,2
,02110084UL,UTS400L FTU 400A 3P LO UL,"$6,012.40 ",400,400A,L,80,FTU,100,100,2
,02110087UL,UTS400L ATU 300A 3P LO UL,"$7,484.70 ",400,300A,L,80,ATU,100,100,2
,02110088UL,UTS400L ATU 400A 3P LO UL,"$7,484.70 ",400,400A,L,80,ATU,100,100,2
,02110117UL,UTS400NT FTU 250A 3P LO UL,"$4,802.28 ",400,250A,NT,100,FTU,65,35,2
,02110118UL,UTS400NT FTU 300A 3P LO UL,"$4,802.28 ",400,300A,NT,100,FTU,65,35,2
,02110119UL,UTS400NT FTU 350A 3P LO UL,"$4,802.28 ",400,350A,NT,100,FTU,65,35,2
,02110120UL,UTS400NT FTU 400A 3P LO UL,"$4,802.28 ",400,400A,NT,100,FTU,65,35,2
,02110123UL,UTS400NT ATU 300A 3P LO UL,"$5,681.96 ",400,300A,NT,100,ATU,65,35,2
,02110124UL,UTS400NT ATU 400A 3P LO UL,"$5,681.96 ",400,400A,NT,100,ATU,65,35,2
,02110149UL,UTS400HT FTU 250A 3P LO UL,"$5,378.46 ",400,250A,HT,100,FTU,100,65,2
,02110150UL,UTS400HT FTU 300A 3P LO UL,"$5,378.46 ",400,300A,HT,100,FTU,100,65,2
,02110151UL,UTS400HT FTU 350A 3P LO UL,"$5,378.46 ",400,350A,HT,100,FTU,100,65,2
,02110152UL,UTS400HT FTU 400A 3P LO UL,"$5,378.46 ",400,400A,HT,100,FTU,100,65,2
,02110155UL,UTS400HT ATU 300A 3P LO UL,"$6,837.32 ",400,300A,HT,100,ATU,100,65,2
,02110156UL,UTS400HT ATU 400A 3P LO UL,"$6,837.32 ",400,400A,HT,100,ATU,100,65,2
,02110181UL,UTS400LT FTU 250A 3P LO UL,"$6,613.54 ",400,250A,LT,100,FTU,100,100,2
,02110182UL,UTS400LT FTU 300A 3P LO UL,"$6,613.54 ",400,300A,LT,100,FTU,100,100,2
,02110183UL,UTS400LT FTU 350A 3P LO UL,"$6,613.54 ",400,350A,LT,100,FTU,100,100,2
,02110184UL,UTS400LT FTU 400A 3P LO UL,"$6,613.54 ",400,400A,LT,100,FTU,100,100,2
,02110187UL,UTS400LT ATU 300A 3P LO UL,"$8,233.33 ",400,300A,LT,100,ATU,100,100,2
,02110188UL,UTS400LT ATU 400A 3P LO UL,"$8,233.33 ",400,400A,LT,100,ATU,100,100,2
,02110753UL,UTS400N ETS33 LSI 400A 3P LO UL,"$7,055.99 ",400,400A,N,80,ETS33,65,35,2
,02110754UL,UTS400N ETS33 LSI 250A 3P LO UL,"$7,055.99 ",400,250A,N,80,ETS33,65,35,2
,02110761UL,UTS400H ETS33 LSI 400A 3P LO UL,"$7,400.55 ",400,400A,H,80,ETS33,100,65,2
,02110762UL,UTS400H ETS33 LSI 250A 3P LO UL,"$7,400.55 ",400,250A,H,80,ETS33,100,65,2
,02110769UL,UTS400L ETS33 LSI 400A 3P LO UL,"$8,609.88 ",400,400A,L,80,ETS33,100,100,2
,02110770UL,UTS400L ETS33 LSI 250A 3P LO UL,"$8,609.88 ",400,250A,L,80,ETS33,100,100,2
,02110777UL,UTS400NT ETS33 LSI 400A 3P LO UL,"$7,832.14 ",400,400A,NT,100,ETS33,65,35,2
,02110778UL,UTS400NT ETS33 LSI 250A 3P LO UL,"$7,832.14 ",400,250A,NT,100,ETS33,65,35,2
,02110785UL,UTS400HT ETS33 LSI 400A 3P LO UL,"$8,214.55 ",400,400A,HT,100,ETS33,100,65,2
,02110786UL,UTS400HT ETS33 LSI 250A 3P LO UL,"$8,214.55 ",400,250A,HT,100,ETS33,100,65,2
,02110793UL,UTS400LT ETS33 LSI 400A 3P LO UL,"$9,556.98 ",400,400A,LT,100,ETS33,100,100,2
,02110794UL,UTS400LT ETS33 LSI 250A 3P LO UL,"$9,556.98 ",400,250A,LT,100,ETS33,100,100,2
UTS600,02130013UL,UTS600N FTU 500A 3P LO UL,"$6,385.65 ",600,500A,N,80,FTU,65,35,2
,02130014UL,UTS600N FTU 600A 3P LO UL,"$6,385.65 ",600,600A,N,80,FTU,65,35,2
,02130017UL,UTS600N ATU 500A 3P LO UL,"$7,923.52 ",600,500A,N,80,ATU,65,35,2
,02130018UL,UTS600N ATU 600A 3P LO UL,"$7,923.52 ",600,600A,N,80,ATU,65,35,2
,02130037UL,UTS600H FTU 500A 3P LO UL,"$7,376.20 ",600,500A,H,80,FTU,100,65,2
,02130038UL,UTS600H FTU 600A 3P LO UL,"$7,376.20 ",600,600A,H,80,FTU,100,65,2
,02130041UL,UTS600H ATU 500A 3P LO UL,"$10,187.32 ",600,500A,H,80,ATU,100,65,2
,02130042UL,UTS600H ATU 600A 3P LO UL,"$10,187.32 ",600,600A,H,80,ATU,100,65,2
,02130061UL,UTS600L FTU 500A 3P LO UL,"$9,723.35 ",600,500A,L,80,FTU,100,100,2
,02130062UL,UTS600L FTU 600A 3P LO UL,"$9,723.35 ",600,600A,L,80,FTU,100,100,2
,02130065UL,UTS600L ATU 500A 3P LO UL,"$13,370.40 ",600,500A,L,80,ATU,100,100,2
,02130066UL,UTS600L ATU 600A 3P LO UL,"$13,370.40 ",600,600A,L,80,ATU,100,100,2
,02130113UL,UTS600NT FTU 500A 3P LO UL,"$7,023.70 ",600,500A,NT,100,FTU,65,35,2
,02130114UL,UTS600NT FTU 600A 3P LO UL,"$7,023.70 ",600,600A,NT,100,FTU,65,35,2
,02130117UL,UTS600NT ATU 500A 3P LO UL,"$8,716.12 ",600,500A,NT,100,ATU,65,35,2
,02130118UL,UTS600NT ATU 600A 3P LO UL,"$8,716.12 ",600,600A,NT,100,ATU,65,35,2
,02130137UL,UTS600HT FTU 500A 3P LO UL,"$8,114.38 ",600,500A,HT,100,FTU,100,65,2
,02130138UL,UTS600HT FTU 600A 3P LO UL,"$8,114.38 ",600,600A,HT,100,FTU,100,65,2
,02130141UL,UTS600HT ATU 500A 3P LO UL,"$11,205.66 ",600,500A,HT,100,ATU,100,65,2
,02130142UL,UTS600HT ATU 600A 3P LO UL,"$11,205.66 ",600,600A,HT,100,ATU,100,65,2
,02130161UL,UTS600LT FTU 500A 3P LO UL,"$10,695.72 ",600,500A,LT,100,FTU,100,100,2
,02130162UL,UTS600LT FTU 600A 3P LO UL,"$10,695.72 ",600,600A,LT,100,FTU,100,100,2
,02130165UL,UTS600LT ATU 500A 3P LO UL,"$14,707.62 ",600,500A,LT,100,ATU,100,100,2
,02130166UL,UTS600LT ATU 600A 3P LO UL,"$14,707.62 ",600,600A,LT,100,ATU,100,100,2
,02130779UL,UTS600N ETS33 LSI 600A 3P LO UL,"$10,823.74 ",600,600A,N,80,ETS33,65,35,2
,02130780UL,UTS600N ETS33 LSI 400A 3P LO UL,"$10,823.74 ",600,400A,N,80,ETS33,65,35,2
,02130791UL,UTS600H ETS33 LSI 600A 3P LO UL,"$12,129.17 ",600,600A,H,80,ETS33,100,65,2
,02130792UL,UTS600H ETS33 LSI 400A 3P LO UL,"$12,129.17 ",600,400A,H,80,ETS33,100,65,2
,02130803UL,UTS600L ETS33 LSI 600A 3P LO UL,"$15,380.38 ",600,600A,L,80,ETS33,100,100,2
,02130804UL,UTS600L ETS33 LSI 400A 3P LO UL,"$15,380.38 ",600,400A,L,80,ETS33,100,100,2
,02130815UL,UTS600NT ETS33 LSI 600A 3P LO UL,"$12,014.37 ",600,600A,NT,100,ETS33,65,35,2
,02130816UL,UTS600NT ETS33 LSI 400A 3P LO UL,"$12,014.37 ",600,400A,NT,100,ETS33,65,35,2
,02130827UL,UTS600HT ETS33 LSI 600A 3P LO UL,"$13,463.37 ",600,600A,HT,100,ETS33,100,65,2
,02130828UL,UTS600HT ETS33 LSI 400A 3P LO UL,"$13,463.37 ",600,400A,HT,100,ETS33,100,65,2
,02130839UL,UTS600LT ETS33 LSI 600A 3P LO UL,"$17,072.20 ",600,600A,LT,100,ETS33,100,100,2
,02130840UL,UTS600LT ETS33 LSI 400A 3P LO UL,"$17,072.20 ",600,400A,LT,100,ETS33,100,100,2
UTS800,02151105UL,UTS800N NG0 400A 3P LO UL,"$9,815.37 ",800,400A,N,80,NG0,50,35,2
,02151151UL,UTS800N NG0 600A 3P LO UL,"$9,815.37 ",800,600A,N,80,NG0,50,35,2
,02151197UL,UTS800N NG0 630A 3P LO UL,"$9,815.37 ",800,630A,N,80,NG0,50,35,2
,02151243UL,UTS800N NG0 800A 3P LO UL,"$9,815.37 ",800,800A,N,80,NG0,50,35,2
,02151289UL,UTS800H NG0 400A 3P LO UL,"$11,778.14 ",800,400A,H,80,NG0,100,65,2
,02151335UL,UTS800H NG0 600A 3P LO UL,"$11,778.14 ",800,600A,H,80,NG0,100,65,2
,02151381UL,UTS800H NG0 630A 3P LO UL,"$11,778.14 ",800,630A,H,80,NG0,100,65,2
,02151427UL,UTS800H NG0 800A 3P LO UL,"$11,778.14 ",800,800A,H,80,NG0,100,65,2
,02151473UL,UTS800L NG0 400A 3P LO UL,"$12,956.62 ",800,400A,L,80,NG0,100,100,2
,02151519UL,UTS800L NG0 600A 3P LO UL,"$12,956.62 ",800,600A,L,80,NG0,100,100,2
,02151565UL,UTS800L NG0 630A 3P LO UL,"$12,956.62 ",800,630A,L,80,NG0,100,100,2
,02151611UL,UTS800L NG0 800A 3P LO UL,"$12,956.62 ",800,800A,L,80,NG0,100,100,2
,02153313UL,UTS800NT NG0 400A 3P LO UL,"$10,797.39 ",800,400A,NT,100,NG0,50,35,2
,02153359UL,UTS800NT NG0 600A 3P LO UL,"$10,797.39 ",800,600A,NT,100,NG0,50,35,2
,02153405UL,UTS800NT NG0 630A 3P LO UL,"$10,797.39 ",800,630A,NT,100,NG0,50,35,2
,02153451UL,UTS800NT NG0 800A 3P LO UL,"$10,797.39 ",800,800A,NT,100,NG0,50,35,2
,02153497UL,UTS800HT NG0 400A 3P LO UL,"$12,956.62 ",800,400A,HT,100,NG0,100,65,2
,02153543UL,UTS800HT NG0 600A 3P LO UL,"$12,956.62 ",800,600A,HT,100,NG0,100,65,2
,02153589UL,UTS800HT NG0 630A 3P LO UL,"$12,956.62 ",800,630A,HT,100,NG0,100,65,2
,02153635UL,UTS800HT NG0 800A 3P LO UL,"$12,956.62 ",800,800A,HT,100,NG0,100,65,2
,02153681UL,UTS800LT NG0 400A 3P LO UL,"$14,252.12 ",800,400A,LT,100,NG0,100,100,2
,02153727UL,UTS800LT NG0 600A 3P LO UL,"$14,252.12 ",800,600A,LT,100,NG0,100,100,2
,02153773UL,UTS800LT NG0 630A 3P LO UL,"$14,252.12 ",800,630A,LT,100,NG0,100,100,2
,02153819UL,UTS800LT NG0 800A 3P LO UL,"$14,252.12 ",800,800A,LT,100,NG0,100,100,2
UTS1200,02145316UL,UTS1200N AI1 800A 3P LO UL,"$15,093.47 ",1200,800A,N,80,AI1,50,35,2
,02145352UL,UTS1200N AI1 1000A 3P LO UL,"$15,093.47 ",1200,1000A,N,80,AI1,50,35,2
,02145388UL,UTS1200N AI1 1200A 3P LO UL,"$15,093.47 ",1200,1200A,N,80,AI1,50,35,2
,02145424UL,UTS1200P AI1 800A 3P LO UL,"$21,915.71 ",1200,800A,P,80,AI1,65,50,2
,02145460UL,UTS1200P AI1 1000A 3P LO UL,"$21,915.71 ",1200,1000A,P,80,AI1,65,50,2
,02145496UL,UTS1200P AI1 1200A 3P LO UL,"$21,915.71 ",1200,1200A,P,80,AI1,65,50,2
,02145532UL,UTS1200H AI1 800A 3P LO UL,"$18,112.19 ",1200,800A,H,80,AI1,100,65,2
,02145568UL,UTS1200H AI1 1000A 3P LO UL,"$18,112.19 ",1200,1000A,H,80,AI1,100,65,2
,02145604UL,UTS1200H AI1 1200A 3P LO UL,"$18,112.19 ",1200,1200A,H,80,AI1,100,65,2
,02145640UL,UTS1200L AI1 800A 3P LO UL,"$19,923.38 ",1200,800A,L,80,AI1,100,100,2
,02145676UL,UTS1200L AI1 1000A 3P LO UL,"$19,923.38 ",1200,1000A,L,80,AI1,100,100,2
,02145712UL,UTS1200L AI1 1200A 3P LO UL,"$19,923.38 ",1200,1200A,L,80,AI1,100,100,2
,02147044UL,UTS1200NT AI1 800A 3P LO UL,"$16,602.76 ",1200,800A,NT,100,AI1,50,35,2
,02147080UL,UTS1200NT AI1 1000A 3P LO UL,"$16,602.76 ",1200,1000A,NT,100,AI1,50,35,2
,02147116UL,UTS1200NT AI1 1200A 3P LO UL,"$16,602.76 ",1200,1200A,NT,100,AI1,50,35,2
,02147152UL,UTS1200PT AI1 800A 3P LO UL,"$24,107.38 ",1200,800A,PT,100,AI1,65,50,2
,02147188UL,UTS1200PT AI1 1000A 3P LO UL,"$24,107.38 ",1200,1000A,PT,100,AI1,65,50,2
,02147224UL,UTS1200PT AI1 1200A 3P LO UL,"$24,107.38 ",1200,1200A,PT,100,AI1,65,50,2
,02147260UL,UTS1200HT AI1 800A 3P LO UL,"$19,923.38 ",1200,800A,HT,100,AI1,100,65,2
,02147296UL,UTS1200HT AI1 1000A 3P LO UL,"$19,923.38 ",1200,1000A,HT,100,AI1,100,65,2
,02147332UL,UTS1200HT AI1 1200A 3P LO UL,"$19,923.38 ",1200,1200A,HT,100,AI1,100,65,2
,02147368UL,UTS1200LT AI1 800A 3P LO UL,"$21,915.71 ",1200,800A,LT,100,AI1,100,100,2
,02147404UL,UTS1200LT AI1 1000A 3P LO UL,"$21,915.71 ",1200,1000A,LT,100,AI1,100,100,2
,02147440UL,UTS1200LT AI1 1200A 3P LO UL,"$21,915.71 ",1200,1200A,LT,100,AI1,100,100,2
